,Rank,Country,Region,Documents,Citable documents,Citations,Self-citations,Citations per document,H index,Year
0,1,China,Asiatic Region,808780,790175,15659002,9811443,19.36,1455,2020
1,2,United States,Northern America,742757,634028,14655795,5097358,19.73,3213,2020
2,3,United Kingdom,Western Europe,238119,197620,5329400,993232,22.38,2048,2020
3,4,India,Asiatic Region,222537,196605,2917582,1081036,13.11,925,2020
4,5,Germany,Western Europe,200231,178280,3897268,801153,19.46,1797,2020
5,6,Italy,Western Europe,150376,130621,3070474,692141,20.42,1416,2020
6,7,Japan,Asiatic Region,141150,130595,2038663,407635,14.44,1364,2020
7,8,Russian Federation,Eastern Europe,136109,130971,928881,326459,6.82,806,2020
8,9,France,Western Europe,128494,115344,2497056,391301,19.43,1604,2020
9,10,Canada,Northern America,125920,110399,2779928,396569,22.08,1659,2020
10,11,Australia,Pacific Region,120549,104475,2985455,453376,24.77,1475,2020
11,12,Spain,Western Europe,117768,106824,2233855,402628,18.97,1303,2020
12,13,Brazil,Latin America,99005,92346,1294203,323118,13.07,844,2020
13,14,South Korea,Asiatic Region,96990,93134,1827350,296447,18.84,1004,2020
14,15,Iran,Middle East,74488,71367,1304849,323279,17.52,541,2020
15,16,Netherlands,Western Europe,70118,62028,1794323,223116,25.59,1471,2020
16,17,Poland,Eastern Europe,60574,56434,866979,167073,14.31,792,2020
17,18,Turkey,Middle East,60017,54617,846105,159969,14.1,647,2020
18,19,Switzerland,Western Europe,54609,48450,1433970,163793,26.26,1369,2020
19,20,Indonesia,Asiatic Region,54002,52793,339671,122856,6.29,349,2020
20,21,Sweden,Western Europe,47652,43116,1135851,132372,23.84,1232,2020
21,22,Taiwan,Asiatic Region,41604,39359,765609,98284,18.4,738,2020
22,23,Malaysia,Asiatic Region,39598,37170,643564,118238,16.25,559,2020
23,24,Belgium,Western Europe,39010,34757,948839,97521,24.32,1134,2020
24,25,Saudi Arabia,Middle East,38070,36352,891362,171736,23.41,618,2020
25,26,Portugal,Western Europe,33830,29890,645207,83928,19.07,739,2020
26,27,Denmark,Western Europe,33568,30081,872931,93909,26,1081,2020
27,28,Egypt,Africa/Middle East,32558,31191,615974,143795,18.92,452,2020
28,29,South Africa,Africa,32442,28609,582086,94809,17.94,702,2020
29,30,Mexico,Latin America,31944,29246,441526,66435,13.82,641,2020
30,31,Austria,Western Europe,31276,27797,687860,72227,21.99,937,2020
31,32,Pakistan,Asiatic Region,31010,29267,651314,146475,21,481,2020
32,33,Norway,Western Europe,28207,25373,643511,71471,22.81,896,2020
33,34,Czech Republic,Eastern Europe,27523,25821,423345,57935,15.38,667,2020
34,35,Singapore,Asiatic Region,26198,23390,863444,68236,32.96,873,2020
35,36,Hong Kong,Asiatic Region,26035,23870,899748,78622,34.56,863,2020
36,37,Israel,Middle East,25450,22553,518047,56389,20.36,962,2020
37,38,Finland,Western Europe,24336,21814,588842,63679,24.2,897,2020
38,39,Greece,Western Europe,23955,20721,486389,59157,20.3,725,2020
39,40,Ukraine,Eastern Europe,23060,22039,156354,61080,6.78,382,2020
40,41,Thailand,Asiatic Region,22374,21202,324918,51705,14.52,485,2020
41,42,Iraq,Middle East,19518,19194,187025,54367,9.58,231,2020
42,43,Ireland,Western Europe,19190,16409,445135,39313,23.2,753,2020
43,44,Chile,Latin America,19048,17779,304571,49222,15.99,555,2020
44,45,New Zealand,Pacific Region,18928,16644,407164,42306,21.51,758,2020
45,46,Romania,Eastern Europe,18348,17027,256693,35926,13.99,454,2020
46,47,Viet Nam,Asiatic Region,18334,17443,392097,51646,21.39,350,2020
47,48,Argentina,Latin America,18011,16499,270605,36457,15.02,611,2020
48,49,Colombia,Latin America,17356,16164,217859,31105,12.55,436,2020
49,50,Nigeria,Africa,15474,14283,219906,42629,14.21,340,2020
50,51,Hungary,Eastern Europe,13864,12810,247434,29546,17.85,630,2020
51,52,United Arab Emirates,Middle East,11147,10110,248499,25899,22.29,371,2020
52,53,Morocco,Africa,10322,9614,138516,33461,13.42,286,2020
53,54,Slovakia,Eastern Europe,10070,9536,120199,18250,11.94,381,2020
54,55,Bangladesh,Asiatic Region,9534,8776,211407,36175,22.17,343,2020
55,56,Croatia,Eastern Europe,9340,8645,137937,16058,14.77,413,2020
56,57,Serbia,Eastern Europe,8975,8249,142478,17614,15.87,384,2020
57,58,Tunisia,Africa,8676,8215,121159,16706,13.96,292,2020
58,59,Algeria,Africa,8612,8270,117991,20928,13.7,263,2020
59,60,Slovenia,Eastern Europe,7827,7172,141955,14419,18.14,439,2020
60,61,Bulgaria,Eastern Europe,7624,7130,83284,10927,10.92,373,2020
61,62,Peru,Latin America,6849,6207,80377,13015,11.74,340,2020
62,63,Ethiopia,Africa,6812,6564,126902,29304,18.63,257,2020
63,64,Jordan,Middle East,6752,6501,123359,18255,18.27,281,2020
64,65,Philippines,Asiatic Region,6192,5797,85744,10519,13.85,351,2020
65,66,Ecuador,Latin America,6180,5845,66937,11185,10.83,243,2020
66,67,Kazakhstan,Asiatic Region,5896,5685,61725,11239,10.47,183,2020
67,68,Qatar,Middle East,5565,5144,161831,13259,29.08,340,2020
68,69,Lithuania,Eastern Europe,5420,5020,89541,9643,16.52,319,2020
69,70,Kenya,Africa,4693,4275,96922,11587,20.65,371,2020
70,71,Lebanon,Middle East,4620,4198,96271,7933,20.84,322,2020
71,72,Ghana,Africa,4560,4229,87572,12789,19.2,251,2020
72,73,Estonia,Eastern Europe,4199,3892,110477,9083,26.31,412,2020
73,74,Cyprus,Western Europe,4121,3674,94458,7239,22.92,328,2020
74,75,Uzbekistan,Asiatic Region,3527,3485,24804,14464,7.03,144,2020
75,76,Sri Lanka,Asiatic Region,3384,3014,57026,5746,16.85,277,2020
76,77,Belarus,Eastern Europe,3038,2929,32428,3950,10.67,243,2020
77,78,Nepal,Asiatic Region,3001,2723,56978,6420,18.99,224,2020
78,79,Latvia,Eastern Europe,2945,2730,39742,5137,13.49,243,2020
79,80,Oman,Middle East,2796,2520,64636,4490,23.12,243,2020
80,81,Cuba,Latin America,2767,2486,18641,3012,6.74,235,2020
81,82,Macao,Asiatic Region,2752,2628,84068,4436,30.55,249,2020
82,83,Luxembourg,Western Europe,2571,2316,57191,4045,22.24,300,2020
83,84,Uganda,Africa,2536,2305,46337,6723,18.27,253,2020
84,85,Kuwait,Middle East,2534,2363,53655,4152,21.17,240,2020
85,86,Tanzania,Africa,2416,2258,42560,5531,17.62,245,2020
86,87,Cameroon,Africa,2356,2192,48454,6038,20.57,200,2020
87,88,Georgia,Eastern Europe,2332,2074,48109,4544,20.63,268,2020
88,89,Uruguay,Latin America,2150,1979,26964,3167,12.54,256,2020
89,90,Azerbaijan,Eastern Europe,2074,1995,32421,4933,15.63,167,2020
90,91,Bosnia and Herzegovina,Eastern Europe,2065,1788,21198,2074,10.27,158,2020
91,92,Iceland,Western Europe,2004,1732,49745,4421,24.82,415,2020
92,93,Venezuela,Latin America,1656,1525,18708,1534,11.3,293,2020
93,94,Costa Rica,Latin America,1641,1540,25958,2352,15.82,252,2020
94,95,Zimbabwe,Africa,1318,1131,19954,2495,15.14,195,2020
95,96,Sudan,Africa,1314,1218,20639,1408,15.71,155,2020
96,97,Bahrain,Middle East,1302,1193,23203,1762,17.82,145,2020
97,98,Palestine,Middle East,1301,1244,34032,3098,26.16,165,2020
98,99,Armenia,Eastern Europe,1293,1234,22543,3043,17.43,244,2020
99,100,Malta,Western Europe,1188,1024,22845,1287,19.23,201,2020
100,101,Macedonia,Eastern Europe,1160,1079,23195,1160,20,184,2020
101,102,Yemen,Middle East,1147,1086,29494,3410,25.71,137,2020
102,103,Senegal,Africa,1113,1006,16485,1277,14.81,169,2020
103,104,Malawi,Africa,1083,960,16619,2147,15.35,195,2020
104,105,Myanmar,Asiatic Region,1075,1006,14025,922,13.05,109,2020
105,106,Puerto Rico,Latin America,1014,915,15337,1090,15.13,294,2020
106,107,Botswana,Africa,917,794,24618,1412,26.85,160,2020
107,108,Zambia,Africa,908,811,15750,1649,17.35,171,2020
108,109,Panama,Latin America,841,786,32273,1504,38.37,280,2020
109,110,Rwanda,Africa,838,770,19976,1274,23.84,130,2020
110,111,Syrian Arab Republic,Middle East,836,801,10341,1129,12.37,156,2020
111,112,Brunei Darussalam,Asiatic Region,815,706,18445,1610,22.63,147,2020
112,113,Burkina Faso,Africa,776,743,9180,1237,11.83,150,2020
113,114,Benin,Africa,744,714,10249,1187,13.78,134,2020
114,115,Albania,Eastern Europe,743,677,8682,1069,11.69,117,2020
115,116,Libya,Africa,733,685,14573,739,19.88,129,2020
116,117,Côte d’Ivoire,Africa,728,694,9824,806,13.49,147,2020
117,118,Mongolia,Asiatic Region,728,692,9760,1360,13.41,146,2020
118,119,Moldova,Eastern Europe,708,639,8373,704,11.83,153,2020
119,120,Mozambique,Africa,702,627,19561,1016,27.86,150,2020
120,121,Montenegro,Eastern Europe,688,642,12163,1212,17.68,105,2020
121,122,Namibia,Africa,629,539,9093,900,14.46,137,2020
122,123,Kyrgyzstan,Asiatic Region,621,561,20359,562,32.78,122,2020
123,124,Fiji,Pacific Region,592,471,9430,1055,15.93,138,2020
124,125,Cambodia,Asiatic Region,587,541,9158,868,15.6,150,2020
125,126,Trinidad and Tobago,Latin America,545,442,6123,462,11.23,140,2020
126,127,Bolivia,Latin America,543,492,15838,611,29.17,179,2020
127,128,Democratic Republic Congo,Africa,522,465,9671,769,18.53,103,2020
128,129,Mauritius,Africa,512,443,12111,620,23.65,146,2020
129,130,Paraguay,Latin America,509,468,11622,468,22.83,122,2020
130,131,Jamaica,Latin America,476,363,6549,283,13.76,146,2020
131,132,Madagascar,Africa,459,434,5733,974,12.49,134,2020
132,133,Congo,Africa,449,407,10780,442,24.01,146,2020
133,134,Guatemala,Latin America,439,396,7928,536,18.06,133,2020
134,135,Honduras,Latin America,411,378,7787,391,18.95,95,2020
135,136,Mali,Africa,385,359,6094,437,15.83,145,2020
136,137,Afghanistan,Asiatic Region,364,330,3412,330,9.37,81,2020
137,138,Tajikistan,Asiatic Region,364,350,4183,477,11.49,79,2020
138,139,Laos,Asiatic Region,348,310,5350,483,15.37,130,2020
139,140,Dominican Republic,Latin America,343,314,5748,278,16.76,103,2020
140,141,Grenada,Latin America,296,244,2512,147,8.49,85,2020
141,142,Togo,Africa,265,251,2487,323,9.38,79,2020
142,143,Monaco,Western Europe,259,233,12928,428,49.92,154,2020
143,144,Papua New Guinea,Pacific Region,257,221,9363,364,36.43,130,2020
144,145,Gambia,Africa,256,239,8234,272,32.16,166,2020
145,146,Niger,Africa,250,238,3501,238,14,113,2020
146,147,Bhutan,Asiatic Region,233,205,2975,304,12.77,75,2020
147,148,North Korea,Asiatic Region,233,231,2447,308,10.5,60,2020
148,149,Sierra Leone,Africa,231,208,4739,408,20.52,99,2020
149,150,Gabon,Africa,215,196,3820,315,17.77,136,2020
150,151,New Caledonia,Pacific Region,212,188,4146,581,19.56,131,2020
151,152,French Polynesia,Pacific Region,179,168,2875,306,16.06,115,2020
152,153,Eswatini,Africa,178,163,2540,170,14.27,96,2020
153,154,Barbados,Latin America,175,146,7906,165,45.18,116,2020
154,155,Angola,Africa,171,160,1286,157,7.52,67,2020
155,156,French Guiana,Latin America,163,131,4424,258,27.14,111,2020
156,157,Guinea,Africa,162,146,2133,147,13.17,94,2020
157,158,Nicaragua,Latin America,155,140,2484,115,16.03,117,2020
158,159,Haïti,Latin America,149,132,1550,194,10.4,88,2020
159,160,Greenland,Western Europe,141,117,2396,366,16.99,109,2020
160,161,Liechtenstein,Western Europe,140,128,4330,192,30.93,130,2020
161,162,Saint Kitts and Nevis,Latin America,138,127,1475,118,10.69,60,2020
162,163,Burundi,Africa,136,128,1597,84,11.74,71,2020
163,164,El Salvador,Latin America,126,111,3857,103,30.61,90,2020
164,165,Guyana,Latin America,121,116,1529,63,12.64,71,2020
165,166,Lesotho,Africa,112,102,1249,81,11.15,59,2020
166,167,Maldives,Asiatic Region,104,96,1943,165,18.68,51,2020
167,168,Bahamas,Latin America,99,86,1692,120,17.09,76,2020
168,169,Seychelles,Africa,99,96,1965,110,19.85,85,2020
169,170,Somalia,Africa,96,91,946,116,9.85,45,2020
170,171,Mauritania,Africa,95,91,1093,89,11.51,62,2020
171,172,Liberia,Africa,88,79,2367,74,26.9,74,2020
172,173,Faroe Islands,Western Europe,87,68,2009,115,23.09,91,2020
173,174,Guam,Pacific Region,83,72,914,58,11.01,85,2020
174,175,Central African Republic,Africa,81,79,1546,47,19.09,74,2020
175,176,Guadeloupe,Latin America,79,66,1186,23,15.01,90,2020
176,177,Chad,Africa,76,71,689,88,9.07,62,2020
177,178,Martinique,Latin America,74,57,1017,25,13.74,68,2020
178,179,Eritrea,Africa,74,67,1113,30,15.04,64,2020
179,180,Cape Verde,Africa,73,71,1274,162,17.45,53,2020
180,181,Samoa,Pacific Region,73,71,1018,123,13.95,51,2020
181,182,Reunion,Africa,72,60,1034,5,14.36,72,2020
182,183,Belize,Latin America,68,54,803,34,11.81,69,2020
183,184,Suriname,Latin America,65,60,1357,95,20.88,62,2020
184,185,Guinea-Bissau,Africa,64,60,1434,207,22.41,78,2020
185,186,Solomon Islands,Pacific Region,64,62,1092,98,17.06,64,2020
186,187,Bermuda,Latin America,63,56,2529,69,40.14,117,2020
187,188,Republic of South Sudan,Africa,63,56,656,51,10.41,33,2020
188,189,San Marino,Western Europe,55,51,3878,38,70.51,56,2020
189,190,Vanuatu,Pacific Region,49,48,843,43,17.2,56,2020
190,191,Timor-Leste,Asiatic Region,47,43,413,44,8.79,39,2020
191,192,Curaçao,Latin America,40,32,366,20,9.15,21,2020
192,193,Djibouti,Africa,38,35,652,44,17.16,44,2020
193,194,Palau,Pacific Region,34,28,597,33,17.56,49,2020
194,195,Andorra,Western Europe,34,33,606,19,17.82,47,2020
195,196,Federated States of Micronesia,Pacific Region,33,32,8132,35,246.42,56,2020
196,197,Tonga,Pacific Region,32,29,287,33,8.97,42,2020
197,198,Cayman Islands,Latin America,29,29,250,32,8.62,48,2020
198,199,Aruba,Latin America,26,20,351,7,13.5,30,2020
199,200,Dominica,Latin America,26,22,129,4,4.96,53,2020
200,201,Antigua and Barbuda,Latin America,22,19,177,3,8.05,35,2020
201,202,Comoros,Africa,21,21,270,5,12.86,31,2020
202,203,Gibraltar,Western Europe,21,14,332,7,15.81,48,2020
203,204,Falkland Islands (Malvinas),Latin America,21,19,391,30,18.62,57,2020
204,205,Turkmenistan,Asiatic Region,20,20,134,13,6.7,41,2020
205,206,Saint Vincent and the Grenadines,Latin America,17,14,319,1,18.76,30,2020
206,207,Kiribati,Pacific Region,17,16,405,16,23.82,24,2020
207,208,Anguilla,Latin America,16,16,7154,5,447.13,28,2020
208,209,Equatorial Guinea,Africa,16,15,153,29,9.56,40,2020
209,210,American Samoa,Pacific Region,15,13,100,7,6.67,37,2020
210,211,Saint Lucia,Latin America,14,14,455,10,32.5,35,2020
212,213,Virgin Islands (U.S.),Latin America,13,13,199,8,15.31,50,2020
213,214,Mayotte,Africa,13,13,121,3,9.31,20,2020
214,215,Sao Tome and Principe,Africa,12,11,204,30,17,26,2020
216,217,Northern Mariana Islands,Asiatic Region,9,8,50,4,5.56,25,2020
217,218,Marshall Islands,Pacific Region,8,7,161,2,20.13,32,2020
218,219,Cook Islands,Pacific Region,8,7,221,2,27.63,33,2020
219,220,Virgin Islands (British),Latin America,7,7,42,7,6,39,2020
220,221,Montserrat,Latin America,5,5,58,2,11.6,41,2020
221,222,Saint Helena,Africa,5,4,34,2,6.8,19,2020
234,1,China,Asiatic Region,901535,881698,12732170,8674510,14.12,1455,2021
235,2,United States,Northern America,768099,657046,10697062,3792843,13.93,3213,2021
236,3,United Kingdom,Western Europe,253153,210926,4117379,788269,16.26,2048,2021
237,4,India,Asiatic Region,249480,217851,2598832,966604,10.42,925,2021
238,5,Germany,Western Europe,216875,192469,3005298,647923,13.86,1797,2021
239,6,Italy,Western Europe,161154,140932,2292197,545010,14.22,1416,2021
240,7,Japan,Asiatic Region,149127,137664,1500210,324811,10.06,1364,2021
241,8,Russian Federation,Eastern Europe,136229,130532,730999,248562,5.37,806,2021
242,9,Canada,Northern America,134733,118359,2132237,319659,15.83,1659,2021
243,10,France,Western Europe,134014,119375,1975078,304639,14.74,1604,2021
244,11,Australia,Pacific Region,126601,110978,2309903,362609,18.25,1475,2021
245,12,Spain,Western Europe,126163,114520,1686220,315038,13.37,1303,2021
246,13,Brazil,Latin America,104152,96692,999091,242619,9.59,844,2021
247,14,South Korea,Asiatic Region,102562,98582,1476187,249922,14.39,1004,2021
248,15,Iran,Middle East,77975,74764,1029066,247606,13.2,541,2021
249,16,Netherlands,Western Europe,75996,67235,1424826,182992,18.75,1471,2021
250,17,Turkey,Middle East,68521,62227,716785,141264,10.46,647,2021
251,18,Poland,Eastern Europe,64677,59935,723498,141354,11.19,792,2021
252,19,Switzerland,Western Europe,59491,52966,1070524,133005,17.99,1369,2021
253,20,Indonesia,Asiatic Region,54587,53384,287545,101145,5.27,349,2021
254,21,Sweden,Western Europe,50631,45807,894920,107850,17.68,1232,2021
255,22,Saudi Arabia,Middle East,47867,46019,888133,184771,18.55,618,2021
256,23,Taiwan,Asiatic Region,45768,43342,609344,85359,13.31,738,2021
257,24,Malaysia,Asiatic Region,42823,40102,572309,101371,13.36,559,2021
258,25,Belgium,Western Europe,42479,37850,728083,81018,17.14,1134,2021
259,26,Egypt,Africa/Middle East,38786,37013,588257,142714,15.17,452,2021
260,27,Portugal,Western Europe,37302,33101,505479,70194,13.55,739,2021
261,28,Pakistan,Asiatic Region,36711,34647,608571,138957,16.58,481,2021
262,29,Denmark,Western Europe,35898,32268,726923,78375,20.25,1081,2021
263,30,South Africa,Africa,34610,30228,448620,73532,12.96,702,2021
264,31,Austria,Western Europe,34469,30422,527544,61612,15.3,937,2021
265,32,Mexico,Latin America,34074,31179,348645,52146,10.23,641,2021
266,33,Norway,Western Europe,30332,27178,495051,59347,16.32,896,2021
267,34,Hong Kong,Asiatic Region,29260,27129,677906,68297,23.17,863,2021
268,35,Czech Republic,Eastern Europe,28832,27037,339949,48474,11.79,667,2021
269,36,Israel,Middle East,27493,24482,411447,47828,14.97,962,2021
270,37,Singapore,Asiatic Region,27380,24329,620264,53323,22.65,873,2021
271,38,Greece,Western Europe,27260,23752,390787,53453,14.34,725,2021
272,39,Finland,Western Europe,25969,23231,443649,51497,17.08,897,2021
273,40,Thailand,Asiatic Region,25634,24371,283643,48973,11.07,485,2021
274,41,Ukraine,Eastern Europe,23824,22951,118303,50715,4.97,382,2021
275,42,Ireland,Western Europe,21744,18649,364058,35079,16.74,753,2021
276,43,Chile,Latin America,20774,19420,250788,39256,12.07,555,2021
277,44,New Zealand,Pacific Region,19796,17255,298854,34603,15.1,758,2021
278,45,Romania,Eastern Europe,19772,18418,213952,31392,10.82,454,2021
279,46,Viet Nam,Asiatic Region,18373,17484,276073,37304,15.03,350,2021
280,47,Colombia,Latin America,18368,17014,165936,24125,9.03,436,2021
281,48,Argentina,Latin America,18244,16585,189688,26372,10.4,611,2021
282,49,Nigeria,Africa,18154,16290,199827,39934,11.01,340,2021
283,50,Iraq,Middle East,17929,17508,162570,48721,9.07,231,2021
284,51,Hungary,Eastern Europe,15076,13914,199632,26261,13.24,630,2021
285,52,Bangladesh,Asiatic Region,13532,12505,223783,41591,16.54,343,2021
286,53,United Arab Emirates,Middle East,13512,12302,258427,29710,19.13,371,2021
287,54,Morocco,Africa,11625,10856,126484,30613,10.88,286,2021
288,55,Croatia,Eastern Europe,10474,9733,112625,14630,10.75,413,2021
289,56,Slovakia,Eastern Europe,10226,9653,97004,15153,9.49,381,2021
290,57,Serbia,Eastern Europe,10028,9243,113931,15195,11.36,384,2021
291,58,Algeria,Africa,9976,9683,95203,20015,9.54,263,2021
292,59,Tunisia,Africa,9363,8804,95877,14256,10.24,292,2021
293,60,Ethiopia,Africa,9092,8725,121323,27339,13.34,257,2021
294,61,Slovenia,Eastern Europe,8779,8056,115964,12569,13.21,439,2021
295,62,Peru,Latin America,8457,7617,69490,12632,8.22,340,2021
296,63,Bulgaria,Eastern Europe,8019,7502,68124,9664,8.5,373,2021
297,64,Jordan,Middle East,8014,7696,110834,21222,13.83,281,2021
298,65,Philippines,Asiatic Region,7165,6665,72465,10854,10.11,351,2021
299,66,Qatar,Middle East,6443,5781,139025,11934,21.58,340,2021
300,67,Ecuador,Latin America,6351,6040,53845,9469,8.48,243,2021
301,68,Kazakhstan,Asiatic Region,6209,5915,53235,10834,8.57,183,2021
302,69,Lithuania,Eastern Europe,5685,5339,71297,8158,12.54,319,2021
303,70,Kenya,Africa,5594,4953,74952,10138,13.4,371,2021
304,71,Ghana,Africa,5562,5136,70015,11783,12.59,251,2021
305,72,Estonia,Eastern Europe,4733,4284,79874,7824,16.88,412,2021
306,73,Cyprus,Western Europe,4702,4157,73058,6771,15.54,328,2021
307,74,Lebanon,Middle East,4702,4142,76884,6804,16.35,322,2021
308,75,Sri Lanka,Asiatic Region,4224,3842,51099,4869,12.1,277,2021
309,76,Oman,Middle East,3636,3236,60084,4815,16.52,243,2021
310,77,Nepal,Asiatic Region,3549,3269,46242,5001,13.03,224,2021
311,78,Macao,Asiatic Region,3478,3352,75720,4762,21.77,249,2021
312,79,Uzbekistan,Asiatic Region,3415,3341,23739,13638,6.95,144,2021
313,80,Latvia,Eastern Europe,3357,3178,33928,4839,10.11,243,2021
314,81,Uganda,Africa,3140,2858,45966,6424,14.64,253,2021
315,82,Belarus,Eastern Europe,3063,2981,23396,2630,7.64,243,2021
316,83,Cuba,Latin America,3043,2773,16704,2203,5.49,235,2021
317,84,Luxembourg,Western Europe,2943,2589,51022,3960,17.34,300,2021
318,85,Kuwait,Middle East,2933,2762,47498,3971,16.19,240,2021
319,86,Tanzania,Africa,2817,2595,32973,4771,11.71,245,2021
320,87,Cameroon,Africa,2700,2551,32856,5414,12.17,200,2021
321,88,Uruguay,Latin America,2590,2348,28850,2811,11.14,256,2021
322,89,Georgia,Eastern Europe,2320,2058,35169,3175,15.16,268,2021
323,90,Bosnia and Herzegovina,Eastern Europe,2235,2086,17151,1530,7.67,158,2021
324,91,Iceland,Western Europe,2111,1910,37457,3178,17.74,415,2021
325,92,Azerbaijan,Eastern Europe,2037,1959,18551,3787,9.11,167,2021
326,93,Costa Rica,Latin America,1810,1670,21299,1801,11.77,252,2021
327,94,Sudan,Africa,1752,1637,20608,1684,11.76,155,2021
328,95,Venezuela,Latin America,1746,1616,12616,1137,7.23,293,2021
329,96,Yemen,Middle East,1643,1580,25570,3274,15.56,137,2021
330,97,Zimbabwe,Africa,1605,1292,17961,2383,11.19,195,2021
331,98,Palestine,Middle East,1597,1511,29306,3286,18.35,165,2021
332,99,Bahrain,Middle East,1569,1433,20117,1686,12.82,145,2021
333,100,Malta,Western Europe,1409,1150,19346,1586,13.73,201,2021
334,101,Armenia,Eastern Europe,1332,1244,13076,2226,9.82,244,2021
335,102,Malawi,Africa,1309,1178,15413,1889,11.77,195,2021
336,103,Macedonia,Eastern Europe,1225,1128,15661,946,12.78,184,2021
337,104,Libya,Africa,1114,1060,15822,968,14.2,129,2021
338,105,Senegal,Africa,1100,1011,10300,976,9.36,169,2021
339,106,Syrian Arab Republic,Middle East,1090,1020,11036,1013,10.12,156,2021
340,107,Puerto Rico,Latin America,1083,980,15139,838,13.98,294,2021
341,108,Rwanda,Africa,1076,961,15527,1391,14.43,130,2021
342,109,Zambia,Africa,1055,954,13383,1592,12.69,171,2021
343,110,Botswana,Africa,1035,915,11986,1061,11.58,160,2021
344,111,Albania,Eastern Europe,1008,917,11290,964,11.2,117,2021
345,112,Panama,Latin America,978,917,16359,1272,16.73,280,2021
346,113,Brunei Darussalam,Asiatic Region,961,799,14684,1415,15.28,147,2021
347,114,Benin,Africa,961,920,10183,1236,10.6,134,2021
348,115,Côte d’Ivoire,Africa,932,881,8943,862,9.6,147,2021
349,116,Burkina Faso,Africa,910,862,10057,1262,11.05,150,2021
350,117,Mongolia,Asiatic Region,905,842,9047,1128,10,146,2021
351,118,Myanmar,Asiatic Region,899,834,9650,565,10.73,109,2021
352,119,Mozambique,Africa,845,785,16090,1064,19.04,150,2021
353,120,Namibia,Africa,741,621,7901,645,10.66,137,2021
354,121,Moldova,Eastern Europe,736,662,5695,522,7.74,153,2021
355,122,Kyrgyzstan,Asiatic Region,703,633,11055,548,15.73,122,2021
356,123,Montenegro,Eastern Europe,682,606,7631,904,11.19,105,2021
357,124,Cambodia,Asiatic Region,667,576,7429,673,11.14,150,2021
358,125,Democratic Republic Congo,Africa,666,644,10539,844,15.82,103,2021
359,126,Bolivia,Latin America,622,543,6071,403,9.76,179,2021
360,127,Trinidad and Tobago,Latin America,591,489,5167,451,8.74,140,2021
361,128,Fiji,Pacific Region,584,496,8301,888,14.21,138,2021
362,129,Mauritius,Africa,566,486,7703,377,13.61,146,2021
363,130,Paraguay,Latin America,556,515,5926,449,10.66,122,2021
364,131,Afghanistan,Asiatic Region,551,464,6120,647,11.11,81,2021
365,132,Madagascar,Africa,535,511,6941,937,12.97,134,2021
366,133,Congo,Africa,491,438,6447,322,13.13,146,2021
367,134,Jamaica,Latin America,486,391,6741,290,13.87,146,2021
368,135,Guatemala,Latin America,486,446,8858,421,18.23,133,2021
369,136,Mali,Africa,452,415,5476,448,12.12,145,2021
370,137,Honduras,Latin America,389,349,5007,264,12.87,95,2021
371,138,Dominican Republic,Latin America,385,369,4214,243,10.95,103,2021
372,139,Laos,Asiatic Region,363,343,4186,356,11.53,130,2021
373,140,Tajikistan,Asiatic Region,336,317,2759,264,8.21,79,2021
374,141,Grenada,Latin America,328,271,2966,321,9.04,85,2021
375,142,Gambia,Africa,318,294,4992,299,15.7,166,2021
376,143,Gabon,Africa,311,292,4140,331,13.31,136,2021
377,144,North Korea,Asiatic Region,306,305,2270,366,7.42,60,2021
378,145,Togo,Africa,302,290,2799,327,9.27,79,2021
379,146,Sierra Leone,Africa,299,274,4039,384,13.51,99,2021
380,147,Monaco,Western Europe,291,251,9017,295,30.99,154,2021
381,148,Papua New Guinea,Pacific Region,282,260,4256,297,15.09,130,2021
382,149,Bhutan,Asiatic Region,279,251,4038,239,14.47,75,2021
383,150,Niger,Africa,261,234,2659,159,10.19,113,2021
384,151,Barbados,Latin America,214,169,2400,142,11.21,116,2021
385,152,Guinea,Africa,192,177,1921,156,10.01,94,2021
386,153,El Salvador,Latin America,191,176,1693,99,8.86,90,2021
387,154,New Caledonia,Pacific Region,191,182,1875,263,9.82,131,2021
388,155,French Polynesia,Pacific Region,183,171,2541,237,13.89,115,2021
389,156,Liechtenstein,Western Europe,182,153,2654,158,14.58,130,2021
390,157,Greenland,Western Europe,176,160,2224,294,12.64,109,2021
391,158,Angola,Africa,174,164,1474,152,8.47,67,2021
392,159,Eswatini,Africa,172,164,1775,142,10.32,96,2021
393,160,Saint Kitts and Nevis,Latin America,168,141,1474,87,8.77,60,2021
394,161,Haïti,Latin America,160,148,2039,98,12.74,88,2021
395,162,Nicaragua,Latin America,145,137,1349,82,9.3,117,2021
396,163,Somalia,Africa,140,121,1270,152,9.07,45,2021
397,164,Liberia,Africa,138,124,1776,86,12.87,74,2021
398,165,Lesotho,Africa,137,120,1064,67,7.77,59,2021
399,166,French Guiana,Latin America,132,126,2134,199,16.17,111,2021
400,167,Faroe Islands,Western Europe,123,110,2116,152,17.2,91,2021
401,168,Burundi,Africa,123,121,1843,62,14.98,71,2021
402,169,Guyana,Latin America,121,109,2031,54,16.79,71,2021
403,170,Mauritania,Africa,118,111,1002,93,8.49,62,2021
404,171,Bahamas,Latin America,118,109,1781,118,15.09,76,2021
405,172,Chad,Africa,110,105,931,78,8.46,62,2021
406,173,Seychelles,Africa,105,92,1819,107,17.32,85,2021
407,174,Maldives,Asiatic Region,96,86,1006,94,10.48,51,2021
408,175,Samoa,Pacific Region,95,85,1769,93,18.62,51,2021
409,176,Guadeloupe,Latin America,89,79,649,17,7.29,90,2021
410,177,Eritrea,Africa,87,79,572,23,6.57,64,2021
411,178,Republic of South Sudan,Africa,85,78,595,44,7,33,2021
412,179,Cape Verde,Africa,84,76,588,67,7,53,2021
413,180,Central African Republic,Africa,83,79,979,55,11.8,74,2021
414,181,Guam,Pacific Region,78,71,964,35,12.36,85,2021
415,182,Reunion,Africa,74,68,1484,4,20.05,72,2021
416,183,Suriname,Latin America,74,68,643,64,8.69,62,2021
417,184,Guinea-Bissau,Africa,73,66,817,141,11.19,78,2021
418,185,Belize,Latin America,73,64,925,33,12.67,69,2021
419,186,Djibouti,Africa,69,69,722,139,10.46,44,2021
420,187,San Marino,Western Europe,66,61,1023,46,15.5,56,2021
421,188,Solomon Islands,Pacific Region,63,58,803,66,12.75,64,2021
422,189,Martinique,Latin America,55,50,357,15,6.49,68,2021
423,190,Timor-Leste,Asiatic Region,55,50,603,51,10.96,39,2021
424,191,Bermuda,Latin America,54,46,1013,34,18.76,117,2021
425,192,Vanuatu,Pacific Region,53,47,579,27,10.92,56,2021
426,193,Gibraltar,Western Europe,48,46,761,47,15.85,48,2021
427,194,Curaçao,Latin America,48,42,632,37,13.17,21,2021
428,195,Turkmenistan,Asiatic Region,41,39,505,34,12.32,41,2021
429,196,Falkland Islands (Malvinas),Latin America,40,37,636,39,15.9,57,2021
430,197,Cayman Islands,Latin America,40,38,320,17,8,48,2021
431,198,Andorra,Western Europe,39,36,487,21,12.49,47,2021
432,199,Antigua and Barbuda,Latin America,35,29,343,15,9.8,35,2021
433,200,Dominica,Latin America,32,26,320,2,10,53,2021
434,201,Equatorial Guinea,Africa,31,30,373,31,12.03,40,2021
435,202,Aruba,Latin America,31,26,347,12,11.19,30,2021
436,203,Palau,Pacific Region,29,27,345,29,11.9,49,2021
437,204,Saint Vincent and the Grenadines,Latin America,29,25,283,1,9.76,30,2021
438,205,Tonga,Pacific Region,29,23,310,15,10.69,42,2021
439,206,Virgin Islands (U.S.),Latin America,26,24,278,7,10.69,50,2021
440,207,Comoros,Africa,24,22,236,13,9.83,31,2021
441,208,Federated States of Micronesia,Pacific Region,22,18,1557,10,70.77,56,2021
442,209,Sao Tome and Principe,Africa,14,13,114,15,8.14,26,2021
443,210,Saint Lucia,Latin America,14,12,87,2,6.21,35,2021
444,211,Marshall Islands,Pacific Region,13,11,78,7,6,32,2021
446,213,Anguilla,Latin America,12,10,472,1,39.33,28,2021
447,214,Kiribati,Pacific Region,11,11,171,7,15.55,24,2021
449,216,Virgin Islands (British),Latin America,10,9,66,3,6.6,39,2021
450,217,Northern Mariana Islands,Asiatic Region,10,9,58,1,5.8,25,2021
451,218,American Samoa,Pacific Region,10,9,29,1,2.9,37,2021
452,219,Montserrat,Latin America,9,8,40,1,4.44,41,2021
454,221,Saint Helena,Africa,8,8,162,3,20.25,19,2021
456,223,Cook Islands,Pacific Region,4,4,29,1,7.25,33,2021
457,224,Mayotte,Africa,4,4,36,0,9,20,2021
468,1,China,Asiatic Region,1042935,1018973,10057559,7137653,9.64,1455,2022
469,2,United States,Northern America,736868,627016,6204694,2258682,8.42,3213,2022
470,3,India,Asiatic Region,285584,247505,1989622,783710,6.97,925,2022
471,4,United Kingdom,Western Europe,247055,204044,2462263,483001,9.97,2048,2022
472,5,Germany,Western Europe,212823,187192,1860540,417558,8.74,1797,2022
473,6,Italy,Western Europe,159501,138975,1431098,364891,8.97,1416,2022
474,7,Japan,Asiatic Region,145207,133589,956926,214477,6.59,1364,2022
475,8,Canada,Northern America,133868,117327,1301440,208099,9.72,1659,2022
476,9,France,Western Europe,129666,115683,1113327,193125,8.59,1604,2022
477,10,Australia,Pacific Region,125497,108702,1426752,233430,11.37,1475,2022
478,11,Spain,Western Europe,123784,111688,1067262,204246,8.62,1303,2022
479,12,Russian Federation,Eastern Europe,117303,112379,470191,163210,4.01,806,2022
480,13,South Korea,Asiatic Region,103579,99254,976100,178226,9.42,1004,2022
481,14,Brazil,Latin America,96742,88764,580879,140882,6,844,2022
482,15,Iran,Middle East,78400,75144,682817,163620,8.71,541,2022
483,16,Netherlands,Western Europe,74392,65525,833244,117416,11.2,1471,2022
484,17,Turkey,Middle East,72871,66933,522636,106333,7.17,647,2022
485,18,Poland,Eastern Europe,61289,56595,468846,91972,7.65,792,2022
486,19,Switzerland,Western Europe,58784,52053,669113,89035,11.38,1369,2022
487,20,Saudi Arabia,Middle East,57972,55905,743724,170172,12.83,618,2022
488,21,Sweden,Western Europe,50173,45225,575557,72477,11.47,1232,2022
489,22,Taiwan,Asiatic Region,47473,44824,429112,61314,9.04,738,2022
490,23,Indonesia,Asiatic Region,46799,45451,206758,74370,4.42,349,2022
491,24,Malaysia,Asiatic Region,45436,42033,417111,71676,9.18,559,2022
492,25,Egypt,Africa/Middle East,43809,41951,461303,115415,10.53,452,2022
493,26,Belgium,Western Europe,41422,36870,448025,53188,10.82,1134,2022
494,27,Pakistan,Asiatic Region,41296,38452,491323,113868,11.9,481,2022
495,28,Portugal,Western Europe,38016,33301,338714,47979,8.91,739,2022
496,29,South Africa,Africa,35639,31101,312242,51849,8.76,702,2022
497,30,Denmark,Western Europe,35294,31818,429529,53923,12.17,1081,2022
498,31,Austria,Western Europe,33848,29701,323064,40044,9.54,937,2022
499,32,Mexico,Latin America,33774,30712,220171,33366,6.52,641,2022
500,33,Hong Kong,Asiatic Region,32843,30466,499475,56711,15.21,863,2022
501,34,Norway,Western Europe,30521,27195,309990,40974,10.16,896,2022
502,35,Thailand,Asiatic Region,28864,27087,213474,37420,7.4,485,2022
503,36,Singapore,Asiatic Region,28403,25357,416663,39493,14.67,873,2022
504,37,Czech Republic,Eastern Europe,27543,25635,226630,30324,8.23,667,2022
505,38,Greece,Western Europe,27443,24012,264868,38617,9.65,725,2022
506,39,Israel,Middle East,27133,24327,255976,32241,9.43,962,2022
507,40,Finland,Western Europe,26303,23366,293290,35634,11.15,897,2022
508,41,Ukraine,Eastern Europe,21794,20698,83139,35191,3.81,382,2022
509,42,Ireland,Western Europe,21221,18167,231386,22759,10.9,753,2022
510,43,Iraq,Middle East,20401,19904,139797,43269,6.85,231,2022
511,44,Romania,Eastern Europe,20126,18720,164278,26351,8.16,454,2022
512,45,Chile,Latin America,19688,18258,156493,25111,7.95,555,2022
513,46,New Zealand,Pacific Region,19665,17153,185949,22427,9.46,758,2022
514,47,Nigeria,Africa,18571,16651,148321,30684,7.99,340,2022
515,48,Viet Nam,Asiatic Region,18376,17344,162727,26811,8.86,350,2022
516,49,Colombia,Latin America,17847,16467,107873,15493,6.04,436,2022
517,50,Argentina,Latin America,17310,15635,119320,16445,6.89,611,2022
518,51,United Arab Emirates,Middle East,16548,15181,209637,26969,12.67,371,2022
519,52,Hungary,Eastern Europe,15592,14422,134381,19569,8.62,630,2022
520,53,Bangladesh,Asiatic Region,14280,12963,163750,28095,11.47,343,2022
521,54,Morocco,Africa,12800,11909,103171,27296,8.06,286,2022
522,55,Ethiopia,Africa,11760,11268,99672,19907,8.48,257,2022
523,56,Algeria,Africa,11081,10699,74450,15700,6.72,263,2022
524,57,Croatia,Eastern Europe,10599,9811,78915,9515,7.45,413,2022
525,58,Tunisia,Africa,10406,9678,79770,11375,7.67,292,2022
526,59,Serbia,Eastern Europe,10366,9477,82268,10997,7.94,384,2022
527,60,Slovakia,Eastern Europe,9794,9224,60789,10247,6.21,381,2022
528,61,Peru,Latin America,9723,8971,52358,10461,5.38,340,2022
529,62,Jordan,Middle East,9580,9249,97010,22632,10.13,281,2022
530,63,Slovenia,Eastern Europe,8380,7702,76970,7923,9.18,439,2022
531,64,Philippines,Asiatic Region,8092,7225,52510,7628,6.49,351,2022
532,65,Bulgaria,Eastern Europe,7987,7537,48154,6664,6.03,373,2022
533,66,Ecuador,Latin America,7156,6784,40058,6900,5.6,243,2022
534,67,Ghana,Africa,6796,6148,61930,9392,9.11,251,2022
535,68,Kazakhstan,Asiatic Region,6487,6221,42491,9605,6.55,183,2022
536,69,Qatar,Middle East,6425,5811,90091,8108,14.02,340,2022
537,70,Kenya,Africa,5815,5103,54391,6326,9.35,371,2022
538,71,Lithuania,Eastern Europe,5708,5270,50086,5539,8.77,319,2022
539,72,Cyprus,Western Europe,5034,4465,54397,4762,10.81,328,2022
540,73,Macao,Asiatic Region,4839,4684,66395,4930,13.72,249,2022
541,74,Lebanon,Middle East,4714,4218,46630,5888,9.89,322,2022
542,75,Estonia,Eastern Europe,4603,4169,49499,5235,10.75,412,2022
543,76,Sri Lanka,Asiatic Region,4404,3967,41754,3464,9.48,277,2022
544,77,Oman,Middle East,4214,3795,49266,4292,11.69,243,2022
545,78,Nepal,Asiatic Region,3902,3469,32453,3139,8.32,224,2022
546,79,Uzbekistan,Asiatic Region,3699,3568,27256,9428,7.37,144,2022
547,80,Kuwait,Middle East,3350,3057,36714,3071,10.96,240,2022
548,81,Uganda,Africa,3332,3019,28888,4148,8.67,253,2022
549,82,Latvia,Eastern Europe,3308,3042,26013,3285,7.86,243,2022
550,83,Luxembourg,Western Europe,3244,2792,34328,3130,10.58,300,2022
551,84,Tanzania,Africa,3000,2779,23479,3459,7.83,245,2022
552,85,Belarus,Eastern Europe,2962,2858,15576,1757,5.26,243,2022
553,86,Cameroon,Africa,2900,2721,22700,4250,7.83,200,2022
554,87,Cuba,Latin America,2744,2500,8534,1414,3.11,235,2022
555,88,Uruguay,Latin America,2394,2167,16977,1740,7.09,256,2022
556,89,Georgia,Eastern Europe,2384,2052,26218,1936,11,268,2022
557,90,Iceland,Western Europe,2266,2013,26460,2549,11.68,415,2022
558,91,Azerbaijan,Eastern Europe,2116,2037,14988,2971,7.08,167,2022
559,92,Bosnia and Herzegovina,Eastern Europe,2113,1991,11458,1222,5.42,158,2022
560,93,Sudan,Africa,1921,1775,16413,1392,8.54,155,2022
561,94,Palestine,Middle East,1890,1775,21794,2953,11.53,165,2022
562,95,Yemen,Middle East,1877,1833,26345,2469,14.04,137,2022
563,96,Bahrain,Middle East,1830,1642,18588,1664,10.16,145,2022
564,97,Costa Rica,Latin America,1777,1641,12614,1093,7.1,252,2022
565,98,Zimbabwe,Africa,1768,1388,12809,1653,7.24,195,2022
566,99,Malta,Western Europe,1574,1291,13297,1072,8.45,201,2022
567,100,Armenia,Eastern Europe,1519,1422,11554,1500,7.61,244,2022
568,101,Venezuela,Latin America,1484,1354,8273,666,5.57,293,2022
569,102,Macedonia,Eastern Europe,1417,1283,12016,752,8.48,184,2022
570,103,Malawi,Africa,1294,1179,10307,1218,7.97,195,2022
571,104,Syrian Arab Republic,Middle East,1286,1204,9291,808,7.22,156,2022
572,105,Brunei Darussalam,Asiatic Region,1251,1042,15656,1164,12.51,147,2022
573,106,Senegal,Africa,1222,1112,8010,787,6.55,169,2022
574,107,Rwanda,Africa,1192,1050,9717,1157,8.15,130,2022
575,108,Puerto Rico,Latin America,1174,1084,8914,550,7.59,294,2022
576,109,Zambia,Africa,1160,1063,10825,1087,9.33,171,2022
577,110,Albania,Eastern Europe,1119,997,7978,625,7.13,117,2022
578,111,Panama,Latin America,1105,1009,12990,709,11.76,280,2022
579,112,Botswana,Africa,1090,936,12765,942,11.71,160,2022
580,113,Libya,Africa,1078,1018,12200,711,11.32,129,2022
581,114,Burkina Faso,Africa,1035,993,7454,997,7.2,150,2022
582,115,Benin,Africa,951,909,7842,790,8.25,134,2022
583,116,Mongolia,Asiatic Region,903,851,10303,770,11.41,146,2022
584,117,Côte d’Ivoire,Africa,842,784,6145,561,7.3,147,2022
585,118,Mozambique,Africa,815,734,7582,593,9.3,150,2022
586,119,Cambodia,Asiatic Region,796,662,5634,497,7.08,150,2022
587,120,Democratic Republic Congo,Africa,757,708,8335,614,11.01,103,2022
588,121,Madagascar,Africa,751,462,4416,625,5.88,134,2022
589,122,Namibia,Africa,743,644,4949,467,6.66,137,2022
590,123,Kyrgyzstan,Asiatic Region,705,630,7505,357,10.65,122,2022
591,124,Afghanistan,Asiatic Region,704,610,5840,539,8.3,81,2022
592,125,Moldova,Eastern Europe,659,615,5223,397,7.93,153,2022
593,126,Bolivia,Latin America,635,564,5707,293,8.99,179,2022
594,127,Myanmar,Asiatic Region,625,573,4128,289,6.6,109,2022
595,128,Trinidad and Tobago,Latin America,623,491,4267,348,6.85,140,2022
596,129,Montenegro,Eastern Europe,602,562,5235,332,8.7,105,2022
597,130,Mauritius,Africa,600,482,5602,195,9.34,146,2022
598,131,Fiji,Pacific Region,596,508,4989,487,8.37,138,2022
599,132,Paraguay,Latin America,574,511,3984,256,6.94,122,2022
600,133,Congo,Africa,552,473,5375,277,9.74,146,2022
601,134,Guatemala,Latin America,528,457,5071,278,9.6,133,2022
602,135,Mali,Africa,501,439,4749,288,9.48,145,2022
603,136,Jamaica,Latin America,500,361,3678,215,7.36,146,2022
604,137,Dominican Republic,Latin America,427,408,4481,219,10.49,103,2022
605,138,Honduras,Latin America,426,395,1973,225,4.63,95,2022
606,139,Togo,Africa,370,355,2200,236,5.95,79,2022
607,140,Sierra Leone,Africa,365,300,4288,287,11.75,99,2022
608,141,Gabon,Africa,362,338,3488,222,9.64,136,2022
609,142,Laos,Asiatic Region,342,312,2717,179,7.94,130,2022
610,143,Gambia,Africa,342,312,9287,193,27.15,166,2022
611,144,North Korea,Asiatic Region,328,327,1841,259,5.61,60,2022
612,145,Papua New Guinea,Pacific Region,304,273,2428,227,7.99,130,2022
613,146,Bhutan,Asiatic Region,301,260,3001,156,9.97,75,2022
614,147,Monaco,Western Europe,297,260,4424,201,14.9,154,2022
615,148,Tajikistan,Asiatic Region,288,275,1456,109,5.06,79,2022
616,149,Niger,Africa,283,271,1706,90,6.03,113,2022
617,150,Somalia,Africa,272,260,1405,268,5.17,45,2022
618,151,Grenada,Latin America,270,255,1597,127,5.91,85,2022
619,152,Barbados,Latin America,255,205,2098,112,8.23,116,2022
620,153,Liberia,Africa,240,217,2439,85,10.16,74,2022
621,154,El Salvador,Latin America,232,218,1119,105,4.82,90,2022
622,155,Angola,Africa,227,217,1748,114,7.7,67,2022
623,156,New Caledonia,Pacific Region,213,200,1511,198,7.09,131,2022
624,157,Eswatini,Africa,208,192,1600,118,7.69,96,2022
625,158,Nicaragua,Latin America,185,169,1371,84,7.41,117,2022
626,159,Guinea,Africa,184,167,1599,94,8.69,94,2022
627,160,Liechtenstein,Western Europe,183,160,2230,159,12.19,130,2022
628,161,Haïti,Latin America,179,165,1529,120,8.54,88,2022
629,162,Lesotho,Africa,172,160,2054,112,11.94,59,2022
630,163,Saint Kitts and Nevis,Latin America,170,142,1022,51,6.01,60,2022
631,164,Faroe Islands,Western Europe,158,149,2171,153,13.74,91,2022
632,165,Greenland,Western Europe,152,140,1264,196,8.32,109,2022
633,166,French Polynesia,Pacific Region,149,138,926,133,6.21,115,2022
634,167,Burundi,Africa,142,131,2047,45,14.42,71,2022
635,168,Maldives,Asiatic Region,137,124,986,81,7.2,51,2022
636,169,Guyana,Latin America,136,128,2096,25,15.41,71,2022
637,170,Republic of South Sudan,Africa,127,119,1541,41,12.13,33,2022
638,171,Chad,Africa,121,118,773,55,6.39,62,2022
639,172,French Guiana,Latin America,116,106,1190,134,10.26,111,2022
640,173,Seychelles,Africa,104,97,1137,113,10.93,85,2022
641,174,Bahamas,Latin America,102,90,2762,55,27.08,76,2022
642,175,Mauritania,Africa,100,93,599,46,5.99,62,2022
643,176,Cape Verde,Africa,99,85,1342,59,13.56,53,2022
644,177,Central African Republic,Africa,96,85,1804,71,18.79,74,2022
645,178,Eritrea,Africa,95,86,897,22,9.44,64,2022
646,179,Reunion,Africa,94,89,491,6,5.22,72,2022
647,180,Guadeloupe,Latin America,94,89,502,8,5.34,90,2022
648,181,Samoa,Pacific Region,86,76,798,56,9.28,51,2022
649,182,Guam,Pacific Region,86,79,503,39,5.85,85,2022
650,183,Belize,Latin America,76,61,496,28,6.53,69,2022
651,184,Gibraltar,Western Europe,70,61,772,72,11.03,48,2022
652,185,San Marino,Western Europe,70,64,1807,35,25.81,56,2022
653,186,Martinique,Latin America,69,61,689,12,9.99,68,2022
654,187,Guinea-Bissau,Africa,68,65,613,64,9.01,78,2022
655,188,Curaçao,Latin America,64,60,451,34,7.05,21,2022
656,189,Suriname,Latin America,62,51,436,34,7.03,62,2022
657,190,Solomon Islands,Pacific Region,59,47,301,34,5.1,64,2022
658,191,Timor-Leste,Asiatic Region,57,53,271,36,4.75,39,2022
659,192,Vanuatu,Pacific Region,55,52,616,30,11.2,56,2022
660,193,Bermuda,Latin America,53,44,2318,36,43.74,117,2022
661,194,Andorra,Western Europe,48,43,412,10,8.58,47,2022
662,195,Antigua and Barbuda,Latin America,45,38,608,7,13.51,35,2022
663,196,Djibouti,Africa,43,39,390,46,9.07,44,2022
664,197,Turkmenistan,Asiatic Region,43,39,81,28,1.88,41,2022
665,198,Aruba,Latin America,37,31,756,6,20.43,30,2022
666,199,Cayman Islands,Latin America,35,32,372,11,10.63,48,2022
667,200,Sao Tome and Principe,Africa,33,19,287,95,8.7,26,2022
668,201,Palau,Pacific Region,30,28,250,15,8.33,49,2022
669,202,Dominica,Latin America,30,27,340,1,11.33,53,2022
670,203,Virgin Islands (U.S.),Latin America,27,27,201,7,7.44,50,2022
671,204,Tonga,Pacific Region,26,25,286,29,11,42,2022
672,205,Equatorial Guinea,Africa,23,23,195,15,8.48,40,2022
673,206,Falkland Islands (Malvinas),Latin America,21,20,225,9,10.71,57,2022
674,207,Saint Vincent and the Grenadines,Latin America,20,19,230,2,11.5,30,2022
675,208,Saint Lucia,Latin America,20,19,199,5,9.95,35,2022
676,209,Comoros,Africa,19,18,218,6,11.47,31,2022
677,210,Federated States of Micronesia,Pacific Region,19,18,1625,4,85.53,56,2022
678,211,Anguilla,Latin America,16,16,263,1,16.44,28,2022
679,212,Kiribati,Pacific Region,15,12,90,5,6,24,2022
681,214,Cook Islands,Pacific Region,12,11,88,3,7.33,33,2022
683,216,Virgin Islands (British),Latin America,12,12,153,2,12.75,39,2022
684,217,Northern Mariana Islands,Asiatic Region,10,9,35,1,3.5,25,2022
685,218,Montserrat,Latin America,10,10,201,15,20.1,41,2022
686,219,Marshall Islands,Pacific Region,10,10,40,0,4,32,2022
687,220,American Samoa,Pacific Region,10,10,31,3,3.1,37,2022
688,221,Mayotte,Africa,9,9,45,0,5,20,2022
692,225,Saint Helena,Africa,4,3,50,0,12.5,19,2022
702,1,China,Asiatic Region,1076300,1048739,5528908,3987584,5.14,1455,2023
703,2,United States,Northern America,734258,611029,3074160,1148372,4.19,3213,2023
704,3,India,Asiatic Region,318271,274329,1151877,492028,3.62,925,2023
705,4,United Kingdom,Western Europe,245243,199385,1228702,254023,5.01,2048,2023
706,5,Germany,Western Europe,207772,181342,935660,221189,4.5,1797,2023
707,6,Italy,Western Europe,159596,138705,743854,200788,4.66,1416,2023
708,7,Japan,Asiatic Region,137304,126002,472862,110238,3.44,1364,2023
709,8,Canada,Northern America,130352,113049,641547,107388,4.92,1659,2023
710,9,France,Western Europe,125789,111330,553649,103047,4.4,1604,2023
711,10,Spain,Western Europe,124444,111387,563700,112642,4.53,1303,2023
712,11,Australia,Pacific Region,121008,103239,712556,120696,5.89,1475,2023
713,12,Russian Federation,Eastern Europe,114424,109115,214698,88882,1.88,806,2023
714,13,South Korea,Asiatic Region,102373,98037,514082,100670,5.02,1004,2023
715,14,Brazil,Latin America,91172,83191,277090,70525,3.04,844,2023
716,15,Turkey,Middle East,75398,68906,302474,65604,4.01,647,2023
717,16,Iran,Middle East,74150,70780,348173,87604,4.7,541,2023
718,17,Netherlands,Western Europe,73956,64043,406182,63250,5.49,1471,2023
719,18,Saudi Arabia,Middle East,61580,59244,430376,111620,6.99,618,2023
720,19,Indonesia,Asiatic Region,61334,59443,122129,49485,1.99,349,2023
721,20,Poland,Eastern Europe,60414,55501,248454,51100,4.11,792,2023
722,21,Switzerland,Western Europe,58012,50781,339364,48826,5.85,1369,2023
723,22,Sweden,Western Europe,49785,44403,280132,39564,5.63,1232,2023
724,23,Malaysia,Asiatic Region,46593,42626,215147,39941,4.62,559,2023
725,24,Taiwan,Asiatic Region,44701,41697,212260,32019,4.75,738,2023
726,25,Egypt,Africa/Middle East,42722,40679,254580,66739,5.96,452,2023
727,26,Belgium,Western Europe,41275,36167,225022,30071,5.45,1134,2023
728,27,Pakistan,Asiatic Region,40563,37150,265278,68356,6.54,481,2023
729,28,Portugal,Western Europe,38520,33402,167483,25494,4.35,739,2023
730,29,Denmark,Western Europe,36020,31747,221304,30614,6.14,1081,2023
731,30,South Africa,Africa,35596,29966,150021,26332,4.21,702,2023
732,31,Hong Kong,Asiatic Region,34988,32578,280660,33690,8.02,863,2023
733,32,Austria,Western Europe,34272,29659,168839,23126,4.93,937,2023
734,33,Mexico,Latin America,33274,29600,105441,17594,3.17,641,2023
735,34,Norway,Western Europe,31328,27727,156130,22803,4.98,896,2023
736,35,Singapore,Asiatic Region,28616,25518,220210,23290,7.7,873,2023
737,36,Greece,Western Europe,27719,24103,139419,22456,5.03,725,2023
738,37,Thailand,Asiatic Region,27351,25667,102687,19679,3.75,485,2023
739,38,Israel,Middle East,27210,23990,126891,18021,4.66,962,2023
740,39,Czech Republic,Eastern Europe,26896,24976,117154,17353,4.36,667,2023
741,40,Iraq,Middle East,26595,26064,96897,30489,3.64,231,2023
742,41,Finland,Western Europe,25960,22742,140679,19277,5.42,897,2023
743,42,Ukraine,Eastern Europe,23469,22153,51390,22777,2.19,382,2023
744,43,Ireland,Western Europe,21734,18159,115635,13477,5.32,753,2023
745,44,Romania,Eastern Europe,20443,18922,84075,14719,4.11,454,2023
746,45,Chile,Latin America,20271,18637,81752,14078,4.03,555,2023
747,46,United Arab Emirates,Middle East,20007,18068,129456,16499,6.47,371,2023
748,47,Nigeria,Africa,19397,16728,78258,18297,4.03,340,2023
749,48,Viet Nam,Asiatic Region,19181,18105,87338,16722,4.55,350,2023
750,49,New Zealand,Pacific Region,18372,15665,91570,11746,4.98,758,2023
751,50,Colombia,Latin America,17977,16536,53591,8814,2.98,436,2023
752,51,Argentina,Latin America,17094,15230,58049,8838,3.4,611,2023
753,52,Hungary,Eastern Europe,16300,14982,72252,11875,4.43,630,2023
754,53,Bangladesh,Asiatic Region,14998,13672,90349,18922,6.02,343,2023
755,54,Morocco,Africa,14836,13818,61824,19225,4.17,286,2023
756,55,Jordan,Middle East,11877,11205,63830,16100,5.37,281,2023
757,56,Algeria,Africa,11129,10741,43309,10454,3.89,263,2023
758,57,Peru,Latin America,10854,10173,26893,5696,2.48,340,2023
759,58,Ethiopia,Africa,10853,10302,45032,9825,4.15,257,2023
760,59,Croatia,Eastern Europe,10669,9792,37690,5009,3.53,413,2023
761,60,Serbia,Eastern Europe,10644,9736,43548,6756,4.09,384,2023
762,61,Slovakia,Eastern Europe,10274,9648,33726,5685,3.28,381,2023
763,62,Tunisia,Africa,10223,9524,39583,6808,3.87,292,2023
764,63,Philippines,Asiatic Region,8668,7810,25629,4398,2.96,351,2023
765,64,Bulgaria,Eastern Europe,8444,7901,23376,4480,2.77,373,2023
766,65,Slovenia,Eastern Europe,8165,7437,36501,4483,4.47,439,2023
767,66,Ecuador,Latin America,7584,7110,23493,3852,3.1,243,2023
768,67,Kazakhstan,Asiatic Region,7261,6885,25276,7171,3.48,183,2023
769,68,Ghana,Africa,7020,6261,30363,5270,4.33,251,2023
770,69,Uzbekistan,Asiatic Region,6908,6660,24462,12045,3.54,144,2023
771,70,Qatar,Middle East,6503,5815,44483,4442,6.84,340,2023
772,71,Lebanon,Middle East,6484,5936,49451,6097,7.63,322,2023
773,72,Kenya,Africa,5896,5000,22323,3214,3.79,371,2023
774,73,Lithuania,Eastern Europe,5858,5366,26381,3253,4.5,319,2023
775,74,Macao,Asiatic Region,5345,5167,36751,3471,6.88,249,2023
776,75,Cyprus,Western Europe,5315,4652,29578,3137,5.57,328,2023
777,76,Estonia,Eastern Europe,4645,4231,24178,2926,5.21,412,2023
778,77,Oman,Middle East,4517,4023,26392,2804,5.84,243,2023
779,78,Sri Lanka,Asiatic Region,4467,3867,17101,1848,3.83,277,2023
780,79,Kuwait,Middle East,3721,3511,20150,2228,5.42,240,2023
781,80,Uganda,Africa,3688,3260,15031,2564,4.08,253,2023
782,81,Nepal,Asiatic Region,3633,3223,15186,1909,4.18,224,2023
783,82,Latvia,Eastern Europe,3535,3336,13710,1964,3.88,243,2023
784,83,Tanzania,Africa,3350,3047,12036,2170,3.59,245,2023
785,84,Luxembourg,Western Europe,3311,2898,17339,1798,5.24,300,2023
786,85,Cameroon,Africa,3019,2805,12014,2337,3.98,200,2023
787,86,Azerbaijan,Eastern Europe,2851,2712,9119,2229,3.2,167,2023
788,87,Georgia,Eastern Europe,2577,2189,11701,1446,4.54,268,2023
789,88,Belarus,Eastern Europe,2560,2494,6003,848,2.34,243,2023
790,89,Uruguay,Latin America,2513,2189,9113,1062,3.63,256,2023
791,90,Cuba,Latin America,2402,2142,3873,720,1.61,235,2023
792,91,Palestine,Middle East,2323,2181,12986,2011,5.59,165,2023
793,92,Bosnia and Herzegovina,Eastern Europe,2228,2047,6971,720,3.13,158,2023
794,93,Iceland,Western Europe,2224,1959,10965,1290,4.93,415,2023
795,94,Bahrain,Middle East,2153,1911,10012,1060,4.65,145,2023
796,95,Zimbabwe,Africa,1821,1287,5216,827,2.86,195,2023
797,96,Sudan,Africa,1820,1652,8519,887,4.68,155,2023
798,97,Yemen,Middle East,1774,1704,12315,1625,6.94,137,2023
799,98,Costa Rica,Latin America,1751,1567,6583,706,3.76,252,2023
800,99,Armenia,Eastern Europe,1742,1611,6452,1137,3.7,244,2023
801,100,Malta,Western Europe,1546,1210,8686,690,5.62,201,2023
802,101,Brunei Darussalam,Asiatic Region,1490,1252,8407,948,5.64,147,2023
803,102,Macedonia,Eastern Europe,1440,1259,5774,482,4.01,184,2023
804,103,Venezuela,Latin America,1428,1291,4195,280,2.94,293,2023
805,104,Syrian Arab Republic,Middle East,1337,1271,5582,539,4.18,156,2023
806,105,Malawi,Africa,1332,1158,4535,648,3.4,195,2023
807,106,Puerto Rico,Latin America,1316,1207,5458,338,4.15,294,2023
808,107,Rwanda,Africa,1234,1120,4473,767,3.62,130,2023
809,108,Albania,Eastern Europe,1228,1083,4366,352,3.56,117,2023
810,109,Senegal,Africa,1222,1128,3617,393,2.96,169,2023
811,110,Zambia,Africa,1180,1075,6015,624,5.1,171,2023
812,111,Libya,Africa,1144,1111,6269,572,5.48,129,2023
813,112,Botswana,Africa,1131,976,5009,575,4.43,160,2023
814,113,Burkina Faso,Africa,1066,1023,3553,521,3.33,150,2023
815,114,Panama,Latin America,1031,912,4679,370,4.54,280,2023
816,115,Mongolia,Asiatic Region,1008,944,4616,526,4.58,146,2023
817,116,Benin,Africa,937,887,3091,461,3.3,134,2023
818,117,Kyrgyzstan,Asiatic Region,914,745,3936,291,4.31,122,2023
819,118,Côte d’Ivoire,Africa,902,836,2976,310,3.3,147,2023
820,119,Cambodia,Asiatic Region,890,616,2704,386,3.04,150,2023
821,120,Mozambique,Africa,805,711,3353,361,4.17,150,2023
822,121,Namibia,Africa,799,633,3307,323,4.14,137,2023
823,122,Democratic Republic Congo,Africa,791,740,3467,351,4.38,103,2023
824,123,Moldova,Eastern Europe,771,670,2752,202,3.57,153,2023
825,124,Trinidad and Tobago,Latin America,648,501,2390,187,3.69,140,2023
826,125,Bolivia,Latin America,637,563,2453,183,3.85,179,2023
827,126,Montenegro,Eastern Europe,634,599,3107,291,4.9,105,2023
828,127,Myanmar,Asiatic Region,628,588,2003,148,3.19,109,2023
829,128,Afghanistan,Asiatic Region,623,566,2880,326,4.62,81,2023
830,129,Paraguay,Latin America,604,558,2057,179,3.41,122,2023
831,130,Fiji,Pacific Region,590,499,2561,232,4.34,138,2023
832,131,Mauritius,Africa,515,418,2087,101,4.05,146,2023
833,132,Madagascar,Africa,513,480,1868,263,3.64,134,2023
834,133,Honduras,Latin America,485,462,1494,179,3.08,95,2023
835,134,Jamaica,Latin America,485,349,1573,102,3.24,146,2023
836,135,Guatemala,Latin America,485,433,2168,232,4.47,133,2023
837,136,Congo,Africa,475,425,1680,112,3.54,146,2023
838,137,Dominican Republic,Latin America,439,408,1858,130,4.23,103,2023
839,138,Mali,Africa,415,371,1589,269,3.83,145,2023
840,139,Gambia,Africa,364,323,3565,197,9.79,166,2023
841,140,Tajikistan,Asiatic Region,360,344,862,80,2.39,79,2023
842,141,North Korea,Asiatic Region,357,357,1101,126,3.08,60,2023
843,142,Laos,Asiatic Region,340,294,1243,86,3.66,130,2023
844,143,Somalia,Africa,337,308,1292,291,3.83,45,2023
845,144,Togo,Africa,336,319,961,178,2.86,79,2023
846,145,Sierra Leone,Africa,334,276,957,135,2.87,99,2023
847,146,Liberia,Africa,299,260,1151,52,3.85,74,2023
848,147,Grenada,Latin America,289,249,863,23,2.99,85,2023
849,148,Gabon,Africa,285,270,1402,106,4.92,136,2023
850,149,Papua New Guinea,Pacific Region,282,253,1395,115,4.95,130,2023
851,150,Bhutan,Asiatic Region,279,236,690,55,2.47,75,2023
852,151,Niger,Africa,275,259,936,72,3.4,113,2023
853,152,Barbados,Latin America,257,169,835,55,3.25,116,2023
854,153,El Salvador,Latin America,253,236,659,50,2.6,90,2023
855,154,Monaco,Western Europe,244,203,2145,92,8.79,154,2023
856,155,Angola,Africa,235,217,896,69,3.81,67,2023
857,156,Eswatini,Africa,207,179,497,48,2.4,96,2023
858,157,Guinea,Africa,201,172,536,49,2.67,94,2023
859,158,Liechtenstein,Western Europe,188,164,890,85,4.73,130,2023
860,159,Lesotho,Africa,186,151,425,68,2.28,59,2023
861,160,Greenland,Western Europe,182,164,777,126,4.27,109,2023
862,161,New Caledonia,Pacific Region,182,165,824,102,4.53,131,2023
863,162,French Polynesia,Pacific Region,175,152,642,109,3.67,115,2023
864,163,Guyana,Latin America,171,146,422,18,2.47,71,2023
865,164,Nicaragua,Latin America,166,153,519,20,3.13,117,2023
866,165,Haïti,Latin America,158,145,527,58,3.34,88,2023
867,166,Maldives,Asiatic Region,145,128,698,51,4.81,51,2023
868,167,Mauritania,Africa,145,138,445,59,3.07,62,2023
869,168,Chad,Africa,141,134,398,25,2.82,62,2023
870,169,Saint Kitts and Nevis,Latin America,138,130,434,22,3.14,60,2023
871,170,Burundi,Africa,135,126,889,40,6.59,71,2023
872,171,French Guiana,Latin America,127,121,624,58,4.91,111,2023
873,172,Faroe Islands,Western Europe,113,110,480,41,4.25,91,2023
874,173,Central African Republic,Africa,101,89,312,33,3.09,74,2023
875,174,Cape Verde,Africa,95,85,423,29,4.45,53,2023
876,175,Bahamas,Latin America,94,73,647,32,6.88,76,2023
877,176,Suriname,Latin America,90,86,412,16,4.58,62,2023
878,177,Samoa,Pacific Region,90,76,366,26,4.07,51,2023
879,178,Republic of South Sudan,Africa,89,80,195,15,2.19,33,2023
880,179,Eritrea,Africa,83,73,341,9,4.11,64,2023
881,180,Belize,Latin America,82,70,239,16,2.91,69,2023
882,181,Guam,Pacific Region,80,76,280,23,3.5,85,2023
883,182,Timor-Leste,Asiatic Region,79,76,197,24,2.49,39,2023
884,183,Gibraltar,Western Europe,77,66,444,45,5.77,48,2023
885,184,Seychelles,Africa,77,65,575,33,7.47,85,2023
886,185,Guadeloupe,Latin America,76,70,165,6,2.17,90,2023
887,186,Curaçao,Latin America,71,66,150,10,2.11,21,2023
888,187,San Marino,Western Europe,69,53,955,34,13.84,56,2023
889,188,Antigua and Barbuda,Latin America,66,59,202,4,3.06,35,2023
890,189,Guinea-Bissau,Africa,63,57,233,32,3.7,78,2023
891,190,Bermuda,Latin America,63,51,551,16,8.75,117,2023
892,191,Djibouti,Africa,59,58,193,30,3.27,44,2023
893,192,Reunion,Africa,59,52,132,1,2.24,72,2023
894,193,Turkmenistan,Asiatic Region,56,56,258,77,4.61,41,2023
895,194,Solomon Islands,Pacific Region,54,53,141,16,2.61,64,2023
896,195,Andorra,Western Europe,48,46,269,5,5.6,47,2023
897,196,Comoros,Africa,46,43,332,83,7.22,31,2023
898,197,Cayman Islands,Latin America,46,36,114,6,2.48,48,2023
899,198,Aruba,Latin America,44,39,120,8,2.73,30,2023
900,199,Martinique,Latin America,44,39,83,8,1.89,68,2023
901,200,Vanuatu,Pacific Region,37,35,388,9,10.49,56,2023
902,201,Falkland Islands (Malvinas),Latin America,34,27,134,7,3.94,57,2023
903,202,Virgin Islands (U.S.),Latin America,32,24,123,5,3.84,50,2023
904,203,Dominica,Latin America,31,24,116,0,3.74,53,2023
905,204,American Samoa,Pacific Region,30,28,142,4,4.73,37,2023
906,205,Equatorial Guinea,Africa,29,28,90,11,3.1,40,2023
907,206,Tonga,Pacific Region,28,24,143,14,5.11,42,2023
908,207,Palau,Pacific Region,25,22,118,6,4.72,49,2023
909,208,Federated States of Micronesia,Pacific Region,21,19,60,1,2.86,56,2023
910,209,Sao Tome and Principe,Africa,17,17,29,4,1.71,26,2023
911,210,Cook Islands,Pacific Region,17,16,79,2,4.65,33,2023
912,211,Saint Vincent and the Grenadines,Latin America,17,15,82,1,4.82,30,2023
915,214,Anguilla,Latin America,15,15,22,1,1.47,28,2023
916,215,Kiribati,Pacific Region,14,13,79,2,5.64,24,2023
918,217,Saint Lucia,Latin America,12,10,51,0,4.25,35,2023
919,218,Mayotte,Africa,11,11,35,0,3.18,20,2023
920,219,Marshall Islands,Pacific Region,7,7,12,0,1.71,32,2023
921,220,Montserrat,Latin America,7,6,36,10,5.14,41,2023
923,222,Northern Mariana Islands,Asiatic Region,6,5,56,1,9.33,25,2023
924,223,Virgin Islands (British),Latin America,6,5,4,1,0.67,39,2023
926,225,Saint Helena,Africa,4,2,6,3,1.5,19,2023
935,1,China,Asiatic Region,1215824,1190419,1404224,1024521,1.15,1455,2024
936,2,United States,Northern America,743884,636319,694392,272624,0.93,3213,2024
937,3,India,Asiatic Region,351928,302793,308228,139930,0.88,925,2024
938,4,United Kingdom,Western Europe,252604,211490,295326,68714,1.17,2048,2024
939,5,Germany,Western Europe,206323,185893,214421,55661,1.04,1797,2024
940,6,Italy,Western Europe,162794,144985,178188,53151,1.09,1416,2024
941,7,Japan,Asiatic Region,138991,129428,107928,27488,0.78,1364,2024
942,8,Canada,Northern America,132596,117420,149192,28807,1.13,1659,2024
943,9,Spain,Western Europe,126393,115233,131281,28769,1.04,1303,2024
944,10,France,Western Europe,125764,112837,131911,26277,1.05,1604,2024
945,11,Australia,Pacific Region,124941,109796,170342,33488,1.36,1475,2024
946,12,South Korea,Asiatic Region,109408,105406,124067,27396,1.13,1004,2024
947,13,Russian Federation,Eastern Europe,97957,95026,45787,18299,0.47,806,2024
948,14,Brazil,Latin America,93592,86822,65522,17892,0.7,844,2024
949,15,Turkey,Middle East,82150,75868,81106,18975,0.99,647,2024
950,16,Netherlands,Western Europe,75748,67526,95552,17204,1.26,1471,2024
951,17,Iran,Middle East,75501,72349,89492,23937,1.19,541,2024
952,18,Saudi Arabia,Middle East,72167,69478,121838,38838,1.69,618,2024
953,19,Indonesia,Asiatic Region,64596,62345,33317,15441,0.52,349,2024
954,20,Poland,Eastern Europe,61667,57218,60130,13851,0.98,792,2024
955,21,Switzerland,Western Europe,58724,52818,77229,12859,1.32,1369,2024
956,22,Sweden,Western Europe,51897,47222,65346,10767,1.26,1232,2024
957,23,Malaysia,Asiatic Region,50854,46625,55267,11488,1.09,559,2024
958,24,Taiwan,Asiatic Region,46238,43378,49884,8748,1.08,738,2024
959,25,Egypt,Africa/Middle East,43835,41897,65813,21158,1.5,452,2024
960,26,Pakistan,Asiatic Region,43007,39558,70394,20928,1.64,481,2024
961,27,Belgium,Western Europe,42489,38168,53342,8180,1.26,1134,2024
962,28,Hong Kong,Asiatic Region,39526,37434,69652,9720,1.76,863,2024
963,29,Portugal,Western Europe,38395,34052,39749,6658,1.04,739,2024
964,30,South Africa,Africa,37121,32045,35874,7558,0.97,702,2024
965,31,Denmark,Western Europe,36594,32906,51213,8488,1.4,1081,2024
966,32,Austria,Western Europe,34522,30882,41693,6418,1.21,937,2024
967,33,Mexico,Latin America,34041,30788,24124,4304,0.71,641,2024
968,34,Norway,Western Europe,31793,28437,37661,6201,1.18,896,2024
969,35,Singapore,Asiatic Region,31255,28604,52362,6979,1.68,873,2024
970,36,Thailand,Asiatic Region,30754,29284,27694,6362,0.9,485,2024
971,37,Iraq,Middle East,28606,27916,28575,10038,1,231,2024
972,38,Czech Republic,Eastern Europe,27686,25996,28920,4608,1.04,667,2024
973,39,Greece,Western Europe,27650,24715,31755,5977,1.15,725,2024
974,40,Finland,Western Europe,27413,24537,33963,5367,1.24,897,2024
975,41,Israel,Middle East,27120,24529,28273,4855,1.04,962,2024
976,42,United Arab Emirates,Middle East,22930,20561,34749,5006,1.52,371,2024
977,43,Ukraine,Eastern Europe,22713,21257,13323,5713,0.59,382,2024
978,44,Ireland,Western Europe,22267,19181,27436,3665,1.23,753,2024
979,45,Viet Nam,Asiatic Region,22046,20873,21663,4816,0.98,350,2024
980,46,Chile,Latin America,21474,20014,20045,4004,0.93,555,2024
981,47,Romania,Eastern Europe,20298,19043,19355,4061,0.95,454,2024
982,48,Nigeria,Africa,19951,17636,19174,4926,0.96,340,2024
983,49,New Zealand,Pacific Region,18758,16443,22706,3777,1.21,758,2024
984,50,Colombia,Latin America,18413,17025,13432,2415,0.73,436,2024
985,51,Morocco,Africa,18273,17030,18959,6439,1.04,286,2024
986,52,Hungary,Eastern Europe,17575,16345,18746,3310,1.07,630,2024
987,53,Argentina,Latin America,17416,15906,14453,2360,0.83,611,2024
988,54,Bangladesh,Asiatic Region,16231,14966,25192,6692,1.55,343,2024
989,55,Jordan,Middle East,14427,13405,21143,6420,1.47,281,2024
990,56,Algeria,Africa,13081,12735,13311,3761,1.02,263,2024
991,57,Ethiopia,Africa,12800,12234,11668,2646,0.91,257,2024
992,58,Tunisia,Africa,11465,10829,10773,2052,0.94,292,2024
993,59,Peru,Latin America,11151,10419,6728,1481,0.6,340,2024
994,60,Serbia,Eastern Europe,10618,9936,10298,1755,0.97,384,2024
995,61,Croatia,Eastern Europe,10161,9289,8368,1249,0.82,413,2024
996,62,Slovakia,Eastern Europe,10061,9552,7967,1503,0.79,381,2024
997,63,Philippines,Asiatic Region,9948,9069,6779,1262,0.68,351,2024
998,64,Kazakhstan,Asiatic Region,9142,8794,7571,2174,0.83,183,2024
999,65,Bulgaria,Eastern Europe,8734,8332,5848,1032,0.67,373,2024
1000,66,Slovenia,Eastern Europe,8725,8042,9282,1193,1.06,439,2024
1001,67,Ecuador,Latin America,8445,8049,6901,1351,0.82,243,2024
1002,68,Uzbekistan,Asiatic Region,8168,7858,8522,4011,1.04,144,2024
1003,69,Ghana,Africa,7763,7006,7680,1398,0.99,251,2024
1004,70,Lebanon,Middle East,7618,7143,18857,2365,2.48,322,2024
1005,71,Qatar,Middle East,7151,6485,12071,1281,1.69,340,2024
1006,72,Macao,Asiatic Region,6875,6709,10924,1213,1.59,249,2024
1007,73,Oman,Middle East,6133,5381,8469,1254,1.38,243,2024
1008,74,Lithuania,Eastern Europe,6056,5679,6444,886,1.06,319,2024
1009,75,Kenya,Africa,5705,5001,6022,983,1.06,371,2024
1010,76,Cyprus,Western Europe,5475,4913,7341,1009,1.34,328,2024
1011,77,Kuwait,Middle East,4755,4411,7329,969,1.54,240,2024
1012,78,Estonia,Eastern Europe,4577,4192,6074,794,1.33,412,2024
1013,79,Azerbaijan,Eastern Europe,4570,4390,5521,1472,1.21,167,2024
1014,80,Sri Lanka,Asiatic Region,4555,4092,5016,700,1.1,277,2024
1015,81,Nepal,Asiatic Region,4102,3553,3882,595,0.95,224,2024
1016,82,Uganda,Africa,3961,3496,3758,668,0.95,253,2024
1017,83,Tanzania,Africa,3778,3464,3260,614,0.86,245,2024
1018,84,Luxembourg,Western Europe,3384,2996,4102,496,1.21,300,2024
1019,85,Cameroon,Africa,3375,3160,3843,764,1.14,200,2024
1020,86,Latvia,Eastern Europe,3361,3156,3216,452,0.96,243,2024
1021,87,Georgia,Eastern Europe,2621,2240,2904,292,1.11,268,2024
1022,88,Bahrain,Middle East,2582,2006,3371,516,1.31,145,2024
1023,89,Palestine,Middle East,2542,2245,3830,510,1.51,165,2024
1024,90,Belarus,Eastern Europe,2525,2460,1720,239,0.68,243,2024
1025,91,Uruguay,Latin America,2503,2300,2131,249,0.85,256,2024
1026,92,Iceland,Western Europe,2349,2090,3079,323,1.31,415,2024
1027,93,Bosnia and Herzegovina,Eastern Europe,2273,2124,1968,366,0.87,158,2024
1028,94,Cuba,Latin America,2258,2104,1049,162,0.46,235,2024
1029,95,Armenia,Eastern Europe,2109,1940,2000,393,0.95,244,2024
1030,96,Sudan,Africa,1976,1809,2252,300,1.14,155,2024
1031,97,Yemen,Middle East,1859,1779,3496,604,1.88,137,2024
1032,98,Costa Rica,Latin America,1854,1696,1479,182,0.8,252,2024
1033,99,Zimbabwe,Africa,1738,1301,1309,189,0.75,195,2024
1034,100,Malta,Western Europe,1545,1251,1953,164,1.26,201,2024
1035,101,Syrian Arab Republic,Middle East,1416,1343,1234,142,0.87,156,2024
1036,102,Rwanda,Africa,1407,1290,1567,205,1.11,130,2024
1037,103,Malawi,Africa,1387,1191,1133,181,0.82,195,2024
1038,104,Albania,Eastern Europe,1381,1257,1296,131,0.94,117,2024
1039,105,Brunei Darussalam,Asiatic Region,1377,1095,2105,253,1.53,147,2024
1040,106,Macedonia,Eastern Europe,1331,1210,1285,109,0.97,184,2024
1041,107,Senegal,Africa,1320,1199,834,114,0.63,169,2024
1042,108,Venezuela,Latin America,1286,1166,618,72,0.48,293,2024
1043,109,Zambia,Africa,1275,1122,1341,185,1.05,171,2024
1044,110,Puerto Rico,Latin America,1272,1196,1627,99,1.28,294,2024
1045,111,Libya,Africa,1271,1196,2353,204,1.85,129,2024
1046,112,Kyrgyzstan,Asiatic Region,1216,1136,1087,188,0.89,122,2024
1047,113,Burkina Faso,Africa,1167,1114,911,164,0.78,150,2024
1048,114,Botswana,Africa,1146,967,1474,116,1.29,160,2024
1049,115,Mongolia,Asiatic Region,1119,1076,1486,119,1.33,146,2024
1050,116,Panama,Latin America,1049,992,1210,107,1.15,280,2024
1051,117,Benin,Africa,1039,1002,866,118,0.83,134,2024
1052,118,Côte d’Ivoire,Africa,891,839,555,60,0.62,147,2024
1053,119,Democratic Republic Congo,Africa,856,777,880,90,1.03,103,2024
1054,120,Mozambique,Africa,844,771,734,74,0.87,150,2024
1055,121,Namibia,Africa,822,665,1256,76,1.53,137,2024
1056,122,Afghanistan,Asiatic Region,780,724,1007,125,1.29,81,2024
1057,123,Cambodia,Asiatic Region,780,659,986,102,1.26,150,2024
1058,124,Moldova,Eastern Europe,779,725,597,66,0.77,153,2024
1059,125,Laos,Asiatic Region,732,338,414,56,0.57,130,2024
1060,126,Montenegro,Eastern Europe,707,677,890,114,1.26,105,2024
1061,127,Bolivia,Latin America,699,655,628,62,0.9,179,2024
1062,128,Trinidad and Tobago,Latin America,632,479,1258,120,1.99,140,2024
1063,129,Paraguay,Latin America,617,574,404,41,0.65,122,2024
1064,130,Mauritius,Africa,585,454,421,32,0.72,146,2024
1065,131,Congo,Africa,573,498,518,50,0.9,146,2024
1066,132,Myanmar,Asiatic Region,571,544,364,21,0.64,109,2024
1067,133,Somalia,Africa,567,538,806,116,1.42,45,2024
1068,134,Fiji,Pacific Region,536,451,584,71,1.09,138,2024
1069,135,Honduras,Latin America,528,502,293,41,0.55,95,2024
1070,136,Guatemala,Latin America,520,472,974,53,1.87,133,2024
1071,137,Jamaica,Latin America,501,386,273,21,0.54,146,2024
1072,138,Dominican Republic,Latin America,489,470,511,32,1.04,103,2024
1073,139,Madagascar,Africa,479,450,307,71,0.64,134,2024
1074,140,Togo,Africa,460,439,431,59,0.94,79,2024
1075,141,Mali,Africa,432,407,551,159,1.28,145,2024
1076,142,Gambia,Africa,379,347,936,76,2.47,166,2024
1077,143,Sierra Leone,Africa,374,318,244,41,0.65,99,2024
1078,144,Tajikistan,Asiatic Region,345,332,207,30,0.6,79,2024
1079,145,Gabon,Africa,336,315,328,39,0.98,136,2024
1080,146,Liberia,Africa,335,294,213,17,0.64,74,2024
1081,147,Papua New Guinea,Pacific Region,319,267,172,37,0.54,130,2024
1082,148,Angola,Africa,288,270,199,23,0.69,67,2024
1083,149,Niger,Africa,284,270,146,18,0.51,113,2024
1084,150,Bhutan,Asiatic Region,280,243,192,27,0.69,75,2024
1085,151,Grenada,Latin America,277,256,124,18,0.45,85,2024
1086,152,North Korea,Asiatic Region,259,257,164,24,0.63,60,2024
1087,153,Monaco,Western Europe,251,225,510,20,2.03,154,2024
1088,154,Barbados,Latin America,243,183,350,15,1.44,116,2024
1089,155,El Salvador,Latin America,232,215,159,16,0.69,90,2024
1090,156,Guyana,Latin America,219,181,173,10,0.79,71,2024
1091,157,Maldives,Asiatic Region,194,165,219,10,1.13,51,2024
1092,158,Greenland,Western Europe,192,168,176,30,0.92,109,2024
1093,159,Lesotho,Africa,189,154,174,16,0.92,59,2024
1094,160,Guinea,Africa,187,171,109,15,0.58,94,2024
1095,161,New Caledonia,Pacific Region,187,157,106,20,0.57,131,2024
1096,162,Chad,Africa,182,173,101,18,0.55,62,2024
1097,163,Burundi,Africa,174,158,291,15,1.67,71,2024
1098,164,Eswatini,Africa,170,146,85,8,0.5,96,2024
1099,165,Mauritania,Africa,164,159,107,26,0.65,62,2024
1100,166,Haïti,Latin America,159,144,96,7,0.6,88,2024
1101,167,Liechtenstein,Western Europe,158,142,226,26,1.43,130,2024
1102,168,Nicaragua,Latin America,156,149,167,9,1.07,117,2024
1103,169,French Polynesia,Pacific Region,155,142,133,15,0.86,115,2024
1104,170,French Guiana,Latin America,152,137,135,10,0.89,111,2024
1105,171,Saint Kitts and Nevis,Latin America,148,135,97,6,0.66,60,2024
1106,172,Faroe Islands,Western Europe,148,135,124,21,0.84,91,2024
1107,173,Republic of South Sudan,Africa,113,107,59,5,0.52,33,2024
1108,174,Central African Republic,Africa,112,98,194,29,1.73,74,2024
1109,175,Timor-Leste,Asiatic Region,107,105,60,8,0.56,39,2024
1110,176,Seychelles,Africa,100,94,113,13,1.13,85,2024
1111,177,Turkmenistan,Asiatic Region,94,83,59,13,0.63,41,2024
1112,178,Cape Verde,Africa,94,92,75,6,0.8,53,2024
1113,179,Eritrea,Africa,94,80,87,6,0.93,64,2024
1114,180,Bahamas,Latin America,89,80,123,4,1.38,76,2024
1115,181,Guam,Pacific Region,89,83,76,7,0.85,85,2024
1116,182,Belize,Latin America,75,58,36,4,0.48,69,2024
1117,183,Guadeloupe,Latin America,74,66,35,1,0.47,90,2024
1118,184,Martinique,Latin America,73,65,69,2,0.95,68,2024
1119,185,Antigua and Barbuda,Latin America,73,68,231,3,3.16,35,2024
1120,186,Gibraltar,Western Europe,73,70,97,12,1.33,48,2024
1121,187,Djibouti,Africa,72,68,59,11,0.82,44,2024
1122,188,Suriname,Latin America,72,64,38,2,0.53,62,2024
1123,189,San Marino,Western Europe,67,60,254,7,3.79,56,2024
1124,190,Solomon Islands,Pacific Region,67,53,47,3,0.7,64,2024
1125,191,Samoa,Pacific Region,67,60,33,7,0.49,51,2024
1126,192,Curaçao,Latin America,63,61,37,3,0.59,21,2024
1127,193,Guinea-Bissau,Africa,61,60,46,16,0.75,78,2024
1128,194,Bermuda,Latin America,59,54,37,3,0.63,117,2024
1129,195,Reunion,Africa,59,55,42,0,0.71,72,2024
1130,196,Andorra,Western Europe,54,49,65,1,1.2,47,2024
1131,197,Vanuatu,Pacific Region,52,48,32,4,0.62,56,2024
1132,198,Cayman Islands,Latin America,47,44,21,2,0.45,48,2024
1133,199,Comoros,Africa,43,38,91,17,2.12,31,2024
1134,200,Sao Tome and Principe,Africa,39,37,32,11,0.82,26,2024
1135,201,Aruba,Latin America,37,35,15,1,0.41,30,2024
1136,202,Dominica,Latin America,32,29,19,1,0.59,53,2024
1137,203,Palau,Pacific Region,31,28,30,2,0.97,49,2024
1138,204,Tonga,Pacific Region,29,26,66,0,2.28,42,2024
1139,205,Federated States of Micronesia,Pacific Region,27,18,196,1,7.26,56,2024
1140,206,Virgin Islands (U.S.),Latin America,24,24,14,2,0.58,50,2024
1141,207,Equatorial Guinea,Africa,22,19,14,1,0.64,40,2024
1142,208,Falkland Islands (Malvinas),Latin America,22,18,24,1,1.09,57,2024
1143,209,Saint Vincent and the Grenadines,Latin America,20,19,10,0,0.5,30,2024
1144,210,American Samoa,Pacific Region,19,18,15,0,0.79,37,2024
1145,211,Saint Lucia,Latin America,16,16,9,0,0.56,35,2024
1147,213,Anguilla,Latin America,15,14,4,1,0.27,28,2024
1148,214,Montserrat,Latin America,14,13,59,21,4.21,41,2024
1149,215,Kiribati,Pacific Region,13,10,14,2,1.08,24,2024
1150,216,Mayotte,Africa,10,6,3,0,0.3,20,2024
1151,217,Cook Islands,Pacific Region,10,10,24,0,2.4,33,2024
1152,218,Virgin Islands (British),Latin America,9,6,10,0,1.11,39,2024
1154,220,Marshall Islands,Pacific Region,8,8,3,0,0.38,32,2024
1156,222,Northern Mariana Islands,Asiatic Region,7,7,6,0,0.86,25,2024
1159,225,Saint Helena,Africa,6,6,15,1,2.5,19,2024
